EMP-001,Ahmed,ahmed@email.com,123 Street Cairo,123 Street Cairo
EMP-002,Mohamed,mohamed@email.com,456 Boulevard Giza,456 Boulevard Giza
EMP-003,Mariam,mariam@email.com,789 Avenue Alexandria,789 Avenue Alexandria
EMP-004,Hossam,hossam@email.com,101 Lane Luxor,101 Lane Luxor
EMP-005,Nour,nour@email.com,202 Drive Aswan,202 Drive Aswan
